Algoritmo,n clusters,Tiempo(s),Calinski-Harabasz,Silhouette,n clusters
kmeans,3,0.224,960.927,0.28417,3
kmeans,4,0.122,1162.049,0.31899,4
kmeans,5,0.283,1157.588,0.31325,5
kmeans,6,0.292,1174.483,0.32302,6
kmeans,7,0.328,1107.187,0.31675,7
kmeans,8,0.183,1074.974,0.31710,8
kmeans,9,0.487,1031.378,0.31904,9
kmeans,10,1.043,992.485,0.29012,10